timestamp,phase,dataset,task,damage_type,layer_seq_index,pct,repeats_total,repeat_eval,ckpt,metric,baseline_metric,value,delta_from_baseline,f1,mae,weight_mode
20250813-110039,damage_immediate,breast_cancer,clf,neurons,0,0.2,5,0,c:\Users\Admin\Desktop\ffnn-healing\models\clf_breast_cancer_baseline_20250813-103737_best.pt,accuracy,0.9534883720930232,0.9534883720930232,0.0,0.9629629629629628,,
20250813-110039,damage_immediate,breast_cancer,clf,neurons,0,0.2,5,1,c:\Users\Admin\Desktop\ffnn-healing\models\clf_breast_cancer_baseline_20250813-103737_best.pt,accuracy,0.9534883720930232,0.9418604651162792,0.0116279069767442,0.954954954954955,,
20250813-110039,damage_immediate,breast_cancer,clf,neurons,0,0.2,5,2,c:\Users\Admin\Desktop\ffnn-healing\models\clf_breast_cancer_baseline_20250813-103737_best.pt,accuracy,0.9534883720930232,0.9069767441860463,0.0465116279069768,0.925925925925926,,
20250813-110039,damage_immediate,breast_cancer,clf,neurons,0,0.2,5,3,c:\Users\Admin\Desktop\ffnn-healing\models\clf_breast_cancer_baseline_20250813-103737_best.pt,accuracy,0.9534883720930232,0.8837209302325582,0.0697674418604651,0.9056603773584906,,
20250813-110039,damage_immediate,breast_cancer,clf,neurons,0,0.2,5,4,c:\Users\Admin\Desktop\ffnn-healing\models\clf_breast_cancer_baseline_20250813-103737_best.pt,accuracy,0.9534883720930232,0.8837209302325582,0.0697674418604651,0.903846153846154,,
20250813-110039,damage_immediate,breast_cancer,clf,neurons,0,0.2,5,5,c:\Users\Admin\Desktop\ffnn-healing\models\clf_breast_cancer_baseline_20250813-103737_best.pt,accuracy,0.9534883720930232,0.872093023255814,0.0813953488372093,0.8990825688073395,,
20250813-110315,damage_immediate,breast_cancer,clf,neurons,0,0.2,5,0,c:\Users\Admin\Desktop\ffnn-healing\models\clf_breast_cancer_baseline_20250813-103737_best.pt,accuracy,0.9534883720930232,0.9534883720930232,0.0,0.9629629629629628,,
20250813-110315,damage_immediate,breast_cancer,clf,neurons,0,0.2,5,1,c:\Users\Admin\Desktop\ffnn-healing\models\clf_breast_cancer_baseline_20250813-103737_best.pt,accuracy,0.9534883720930232,0.9418604651162792,0.0116279069767442,0.954954954954955,,
20250813-110315,damage_immediate,breast_cancer,clf,neurons,0,0.2,5,2,c:\Users\Admin\Desktop\ffnn-healing\models\clf_breast_cancer_baseline_20250813-103737_best.pt,accuracy,0.9534883720930232,0.9069767441860463,0.0465116279069768,0.925925925925926,,
20250813-110315,damage_immediate,breast_cancer,clf,neurons,0,0.2,5,3,c:\Users\Admin\Desktop\ffnn-healing\models\clf_breast_cancer_baseline_20250813-103737_best.pt,accuracy,0.9534883720930232,0.8837209302325582,0.0697674418604651,0.9056603773584906,,
20250813-110315,damage_immediate,breast_cancer,clf,neurons,0,0.2,5,4,c:\Users\Admin\Desktop\ffnn-healing\models\clf_breast_cancer_baseline_20250813-103737_best.pt,accuracy,0.9534883720930232,0.8837209302325582,0.0697674418604651,0.903846153846154,,
20250813-110315,damage_immediate,breast_cancer,clf,neurons,0,0.2,5,5,c:\Users\Admin\Desktop\ffnn-healing\models\clf_breast_cancer_baseline_20250813-103737_best.pt,accuracy,0.9534883720930232,0.872093023255814,0.0813953488372093,0.8990825688073395,,
20250813-110315,damage_immediate,breast_cancer,clf,neurons,0,0.2,10,0,c:\Users\Admin\Desktop\ffnn-healing\models\clf_breast_cancer_baseline_20250813-103737_best.pt,accuracy,0.9534883720930232,0.9534883720930232,0.0,0.9629629629629628,,
20250813-110315,damage_immediate,breast_cancer,clf,neurons,0,0.2,10,1,c:\Users\Admin\Desktop\ffnn-healing\models\clf_breast_cancer_baseline_20250813-103737_best.pt,accuracy,0.9534883720930232,0.9418604651162792,0.0116279069767442,0.954954954954955,,
20250813-110315,damage_immediate,breast_cancer,clf,neurons,0,0.2,10,2,c:\Users\Admin\Desktop\ffnn-healing\models\clf_breast_cancer_baseline_20250813-103737_best.pt,accuracy,0.9534883720930232,0.9069767441860463,0.0465116279069768,0.925925925925926,,
20250813-110315,damage_immediate,breast_cancer,clf,neurons,0,0.2,10,3,c:\Users\Admin\Desktop\ffnn-healing\models\clf_breast_cancer_baseline_20250813-103737_best.pt,accuracy,0.9534883720930232,0.8837209302325582,0.0697674418604651,0.9056603773584906,,
20250813-110315,damage_immediate,breast_cancer,clf,neurons,0,0.2,10,4,c:\Users\Admin\Desktop\ffnn-healing\models\clf_breast_cancer_baseline_20250813-103737_best.pt,accuracy,0.9534883720930232,0.8837209302325582,0.0697674418604651,0.903846153846154,,
20250813-110315,damage_immediate,breast_cancer,clf,neurons,0,0.2,10,5,c:\Users\Admin\Desktop\ffnn-healing\models\clf_breast_cancer_baseline_20250813-103737_best.pt,accuracy,0.9534883720930232,0.872093023255814,0.0813953488372093,0.8990825688073395,,
20250813-110315,damage_immediate,breast_cancer,clf,neurons,0,0.2,10,6,c:\Users\Admin\Desktop\ffnn-healing\models\clf_breast_cancer_baseline_20250813-103737_best.pt,accuracy,0.9534883720930232,0.8604651162790697,0.0930232558139535,0.8888888888888888,,
20250813-110315,damage_immediate,breast_cancer,clf,neurons,0,0.2,10,7,c:\Users\Admin\Desktop\ffnn-healing\models\clf_breast_cancer_baseline_20250813-103737_best.pt,accuracy,0.9534883720930232,0.813953488372093,0.1395348837209302,0.8461538461538461,,
20250813-110315,damage_immediate,breast_cancer,clf,neurons,0,0.2,10,8,c:\Users\Admin\Desktop\ffnn-healing\models\clf_breast_cancer_baseline_20250813-103737_best.pt,accuracy,0.9534883720930232,0.8837209302325582,0.0697674418604651,0.9090909090909092,,
20250813-110315,damage_immediate,breast_cancer,clf,neurons,0,0.2,10,9,c:\Users\Admin\Desktop\ffnn-healing\models\clf_breast_cancer_baseline_20250813-103737_best.pt,accuracy,0.9534883720930232,0.8604651162790697,0.0930232558139535,0.896551724137931,,
20250813-110315,damage_immediate,breast_cancer,clf,neurons,0,0.2,10,10,c:\Users\Admin\Desktop\ffnn-healing\models\clf_breast_cancer_baseline_20250813-103737_best.pt,accuracy,0.9534883720930232,0.8837209302325582,0.0697674418604651,0.912280701754386,,
20250813-110315,damage_immediate,breast_cancer,clf,neurons,0,0.4,5,0,c:\Users\Admin\Desktop\ffnn-healing\models\clf_breast_cancer_baseline_20250813-103737_best.pt,accuracy,0.9534883720930232,0.9534883720930232,0.0,0.9629629629629628,,
20250813-110315,damage_immediate,breast_cancer,clf,neurons,0,0.4,5,1,c:\Users\Admin\Desktop\ffnn-healing\models\clf_breast_cancer_baseline_20250813-103737_best.pt,accuracy,0.9534883720930232,0.9302325581395348,0.0232558139534884,0.9473684210526316,,
20250813-110315,damage_immediate,breast_cancer,clf,neurons,0,0.4,5,2,c:\Users\Admin\Desktop\ffnn-healing\models\clf_breast_cancer_baseline_20250813-103737_best.pt,accuracy,0.9534883720930232,0.8953488372093024,0.0581395348837209,0.9230769230769232,,
20250813-110315,damage_immediate,breast_cancer,clf,neurons,0,0.4,5,3,c:\Users\Admin\Desktop\ffnn-healing\models\clf_breast_cancer_baseline_20250813-103737_best.pt,accuracy,0.9534883720930232,0.9069767441860463,0.0465116279069768,0.9310344827586208,,
20250813-110315,damage_immediate,breast_cancer,clf,neurons,0,0.4,5,4,c:\Users\Admin\Desktop\ffnn-healing\models\clf_breast_cancer_baseline_20250813-103737_best.pt,accuracy,0.9534883720930232,0.8023255813953488,0.1511627906976744,0.8380952380952381,,
20250813-110315,damage_immediate,breast_cancer,clf,neurons,0,0.4,5,5,c:\Users\Admin\Desktop\ffnn-healing\models\clf_breast_cancer_baseline_20250813-103737_best.pt,accuracy,0.9534883720930232,0.7906976744186046,0.1627906976744186,0.8269230769230769,,
20250813-110315,damage_immediate,breast_cancer,clf,neurons,0,0.4,10,0,c:\Users\Admin\Desktop\ffnn-healing\models\clf_breast_cancer_baseline_20250813-103737_best.pt,accuracy,0.9534883720930232,0.9534883720930232,0.0,0.9629629629629628,,
20250813-110315,damage_immediate,breast_cancer,clf,neurons,0,0.4,10,1,c:\Users\Admin\Desktop\ffnn-healing\models\clf_breast_cancer_baseline_20250813-103737_best.pt,accuracy,0.9534883720930232,0.9302325581395348,0.0232558139534884,0.9473684210526316,,
20250813-110315,damage_immediate,breast_cancer,clf,neurons,0,0.4,10,2,c:\Users\Admin\Desktop\ffnn-healing\models\clf_breast_cancer_baseline_20250813-103737_best.pt,accuracy,0.9534883720930232,0.8953488372093024,0.0581395348837209,0.9230769230769232,,
20250813-110315,damage_immediate,breast_cancer,clf,neurons,0,0.4,10,3,c:\Users\Admin\Desktop\ffnn-healing\models\clf_breast_cancer_baseline_20250813-103737_best.pt,accuracy,0.9534883720930232,0.9069767441860463,0.0465116279069768,0.9310344827586208,,
20250813-110315,damage_immediate,breast_cancer,clf,neurons,0,0.4,10,4,c:\Users\Admin\Desktop\ffnn-healing\models\clf_breast_cancer_baseline_20250813-103737_best.pt,accuracy,0.9534883720930232,0.8023255813953488,0.1511627906976744,0.8380952380952381,,
20250813-110315,damage_immediate,breast_cancer,clf,neurons,0,0.4,10,5,c:\Users\Admin\Desktop\ffnn-healing\models\clf_breast_cancer_baseline_20250813-103737_best.pt,accuracy,0.9534883720930232,0.7906976744186046,0.1627906976744186,0.8269230769230769,,
20250813-110315,damage_immediate,breast_cancer,clf,neurons,0,0.4,10,6,c:\Users\Admin\Desktop\ffnn-healing\models\clf_breast_cancer_baseline_20250813-103737_best.pt,accuracy,0.9534883720930232,0.3720930232558139,0.5813953488372093,0.0,,
20250813-110315,damage_immediate,breast_cancer,clf,neurons,0,0.4,10,7,c:\Users\Admin\Desktop\ffnn-healing\models\clf_breast_cancer_baseline_20250813-103737_best.pt,accuracy,0.9534883720930232,0.3720930232558139,0.5813953488372093,0.0,,
20250813-110315,damage_immediate,breast_cancer,clf,neurons,0,0.4,10,8,c:\Users\Admin\Desktop\ffnn-healing\models\clf_breast_cancer_baseline_20250813-103737_best.pt,accuracy,0.9534883720930232,0.3720930232558139,0.5813953488372093,0.0,,
20250813-110315,damage_immediate,breast_cancer,clf,neurons,0,0.4,10,9,c:\Users\Admin\Desktop\ffnn-healing\models\clf_breast_cancer_baseline_20250813-103737_best.pt,accuracy,0.9534883720930232,0.3720930232558139,0.5813953488372093,0.0,,
20250813-110315,damage_immediate,breast_cancer,clf,neurons,0,0.4,10,10,c:\Users\Admin\Desktop\ffnn-healing\models\clf_breast_cancer_baseline_20250813-103737_best.pt,accuracy,0.9534883720930232,0.3720930232558139,0.5813953488372093,0.0,,
20250813-110450,damage_immediate,breast_cancer,clf,neurons,9,0.2,5,0,c:\Users\Admin\Desktop\ffnn-healing\models\clf_breast_cancer_baseline_20250813-103737_best.pt,accuracy,0.9534883720930232,0.9534883720930232,0.0,0.9629629629629628,,
20250813-110450,damage_immediate,breast_cancer,clf,neurons,9,0.2,5,1,c:\Users\Admin\Desktop\ffnn-healing\models\clf_breast_cancer_baseline_20250813-103737_best.pt,accuracy,0.9534883720930232,0.9651162790697676,-0.0116279069767442,0.972972972972973,,
20250813-110450,damage_immediate,breast_cancer,clf,neurons,9,0.2,5,2,c:\Users\Admin\Desktop\ffnn-healing\models\clf_breast_cancer_baseline_20250813-103737_best.pt,accuracy,0.9534883720930232,0.3720930232558139,0.5813953488372093,0.0,,
20250813-110450,damage_immediate,breast_cancer,clf,neurons,9,0.2,5,3,c:\Users\Admin\Desktop\ffnn-healing\models\clf_breast_cancer_baseline_20250813-103737_best.pt,accuracy,0.9534883720930232,0.3720930232558139,0.5813953488372093,0.0,,
20250813-110450,damage_immediate,breast_cancer,clf,neurons,9,0.2,5,4,c:\Users\Admin\Desktop\ffnn-healing\models\clf_breast_cancer_baseline_20250813-103737_best.pt,accuracy,0.9534883720930232,0.3720930232558139,0.5813953488372093,0.0,,
20250813-110450,damage_immediate,breast_cancer,clf,neurons,9,0.2,5,5,c:\Users\Admin\Desktop\ffnn-healing\models\clf_breast_cancer_baseline_20250813-103737_best.pt,accuracy,0.9534883720930232,0.3720930232558139,0.5813953488372093,0.0,,
20250813-110450,damage_immediate,breast_cancer,clf,neurons,9,0.2,10,0,c:\Users\Admin\Desktop\ffnn-healing\models\clf_breast_cancer_baseline_20250813-103737_best.pt,accuracy,0.9534883720930232,0.9534883720930232,0.0,0.9629629629629628,,
20250813-110450,damage_immediate,breast_cancer,clf,neurons,9,0.2,10,1,c:\Users\Admin\Desktop\ffnn-healing\models\clf_breast_cancer_baseline_20250813-103737_best.pt,accuracy,0.9534883720930232,0.9651162790697676,-0.0116279069767442,0.972972972972973,,
20250813-110450,damage_immediate,breast_cancer,clf,neurons,9,0.2,10,2,c:\Users\Admin\Desktop\ffnn-healing\models\clf_breast_cancer_baseline_20250813-103737_best.pt,accuracy,0.9534883720930232,0.3720930232558139,0.5813953488372093,0.0,,
20250813-110450,damage_immediate,breast_cancer,clf,neurons,9,0.2,10,3,c:\Users\Admin\Desktop\ffnn-healing\models\clf_breast_cancer_baseline_20250813-103737_best.pt,accuracy,0.9534883720930232,0.3720930232558139,0.5813953488372093,0.0,,
20250813-110450,damage_immediate,breast_cancer,clf,neurons,9,0.2,10,4,c:\Users\Admin\Desktop\ffnn-healing\models\clf_breast_cancer_baseline_20250813-103737_best.pt,accuracy,0.9534883720930232,0.3720930232558139,0.5813953488372093,0.0,,
20250813-110450,damage_immediate,breast_cancer,clf,neurons,9,0.2,10,5,c:\Users\Admin\Desktop\ffnn-healing\models\clf_breast_cancer_baseline_20250813-103737_best.pt,accuracy,0.9534883720930232,0.3720930232558139,0.5813953488372093,0.0,,
20250813-110450,damage_immediate,breast_cancer,clf,neurons,9,0.2,10,6,c:\Users\Admin\Desktop\ffnn-healing\models\clf_breast_cancer_baseline_20250813-103737_best.pt,accuracy,0.9534883720930232,0.3720930232558139,0.5813953488372093,0.0,,
20250813-110450,damage_immediate,breast_cancer,clf,neurons,9,0.2,10,7,c:\Users\Admin\Desktop\ffnn-healing\models\clf_breast_cancer_baseline_20250813-103737_best.pt,accuracy,0.9534883720930232,0.3720930232558139,0.5813953488372093,0.0,,
20250813-110450,damage_immediate,breast_cancer,clf,neurons,9,0.2,10,8,c:\Users\Admin\Desktop\ffnn-healing\models\clf_breast_cancer_baseline_20250813-103737_best.pt,accuracy,0.9534883720930232,0.3720930232558139,0.5813953488372093,0.0,,
20250813-110450,damage_immediate,breast_cancer,clf,neurons,9,0.2,10,9,c:\Users\Admin\Desktop\ffnn-healing\models\clf_breast_cancer_baseline_20250813-103737_best.pt,accuracy,0.9534883720930232,0.3720930232558139,0.5813953488372093,0.0,,
20250813-110450,damage_immediate,breast_cancer,clf,neurons,9,0.2,10,10,c:\Users\Admin\Desktop\ffnn-healing\models\clf_breast_cancer_baseline_20250813-103737_best.pt,accuracy,0.9534883720930232,0.3720930232558139,0.5813953488372093,0.0,,
20250813-110450,damage_immediate,breast_cancer,clf,neurons,9,0.4,5,0,c:\Users\Admin\Desktop\ffnn-healing\models\clf_breast_cancer_baseline_20250813-103737_best.pt,accuracy,0.9534883720930232,0.9534883720930232,0.0,0.9629629629629628,,
20250813-110450,damage_immediate,breast_cancer,clf,neurons,9,0.4,5,1,c:\Users\Admin\Desktop\ffnn-healing\models\clf_breast_cancer_baseline_20250813-103737_best.pt,accuracy,0.9534883720930232,0.9651162790697676,-0.0116279069767442,0.972972972972973,,
20250813-110450,damage_immediate,breast_cancer,clf,neurons,9,0.4,5,2,c:\Users\Admin\Desktop\ffnn-healing\models\clf_breast_cancer_baseline_20250813-103737_best.pt,accuracy,0.9534883720930232,0.3720930232558139,0.5813953488372093,0.0,,
20250813-110450,damage_immediate,breast_cancer,clf,neurons,9,0.4,5,3,c:\Users\Admin\Desktop\ffnn-healing\models\clf_breast_cancer_baseline_20250813-103737_best.pt,accuracy,0.9534883720930232,0.3720930232558139,0.5813953488372093,0.0,,
20250813-110450,damage_immediate,breast_cancer,clf,neurons,9,0.4,5,4,c:\Users\Admin\Desktop\ffnn-healing\models\clf_breast_cancer_baseline_20250813-103737_best.pt,accuracy,0.9534883720930232,0.3720930232558139,0.5813953488372093,0.0,,
20250813-110450,damage_immediate,breast_cancer,clf,neurons,9,0.4,5,5,c:\Users\Admin\Desktop\ffnn-healing\models\clf_breast_cancer_baseline_20250813-103737_best.pt,accuracy,0.9534883720930232,0.3720930232558139,0.5813953488372093,0.0,,
20250813-110450,damage_immediate,breast_cancer,clf,neurons,9,0.4,10,0,c:\Users\Admin\Desktop\ffnn-healing\models\clf_breast_cancer_baseline_20250813-103737_best.pt,accuracy,0.9534883720930232,0.9534883720930232,0.0,0.9629629629629628,,
20250813-110450,damage_immediate,breast_cancer,clf,neurons,9,0.4,10,1,c:\Users\Admin\Desktop\ffnn-healing\models\clf_breast_cancer_baseline_20250813-103737_best.pt,accuracy,0.9534883720930232,0.9651162790697676,-0.0116279069767442,0.972972972972973,,
20250813-110450,damage_immediate,breast_cancer,clf,neurons,9,0.4,10,2,c:\Users\Admin\Desktop\ffnn-healing\models\clf_breast_cancer_baseline_20250813-103737_best.pt,accuracy,0.9534883720930232,0.3720930232558139,0.5813953488372093,0.0,,
20250813-110450,damage_immediate,breast_cancer,clf,neurons,9,0.4,10,3,c:\Users\Admin\Desktop\ffnn-healing\models\clf_breast_cancer_baseline_20250813-103737_best.pt,accuracy,0.9534883720930232,0.3720930232558139,0.5813953488372093,0.0,,
20250813-110450,damage_immediate,breast_cancer,clf,neurons,9,0.4,10,4,c:\Users\Admin\Desktop\ffnn-healing\models\clf_breast_cancer_baseline_20250813-103737_best.pt,accuracy,0.9534883720930232,0.3720930232558139,0.5813953488372093,0.0,,
20250813-110450,damage_immediate,breast_cancer,clf,neurons,9,0.4,10,5,c:\Users\Admin\Desktop\ffnn-healing\models\clf_breast_cancer_baseline_20250813-103737_best.pt,accuracy,0.9534883720930232,0.3720930232558139,0.5813953488372093,0.0,,
20250813-110450,damage_immediate,breast_cancer,clf,neurons,9,0.4,10,6,c:\Users\Admin\Desktop\ffnn-healing\models\clf_breast_cancer_baseline_20250813-103737_best.pt,accuracy,0.9534883720930232,0.3720930232558139,0.5813953488372093,0.0,,
20250813-110450,damage_immediate,breast_cancer,clf,neurons,9,0.4,10,7,c:\Users\Admin\Desktop\ffnn-healing\models\clf_breast_cancer_baseline_20250813-103737_best.pt,accuracy,0.9534883720930232,0.3720930232558139,0.5813953488372093,0.0,,
20250813-110450,damage_immediate,breast_cancer,clf,neurons,9,0.4,10,8,c:\Users\Admin\Desktop\ffnn-healing\models\clf_breast_cancer_baseline_20250813-103737_best.pt,accuracy,0.9534883720930232,0.3720930232558139,0.5813953488372093,0.0,,
20250813-110450,damage_immediate,breast_cancer,clf,neurons,9,0.4,10,9,c:\Users\Admin\Desktop\ffnn-healing\models\clf_breast_cancer_baseline_20250813-103737_best.pt,accuracy,0.9534883720930232,0.3720930232558139,0.5813953488372093,0.0,,
20250813-110450,damage_immediate,breast_cancer,clf,neurons,9,0.4,10,10,c:\Users\Admin\Desktop\ffnn-healing\models\clf_breast_cancer_baseline_20250813-103737_best.pt,accuracy,0.9534883720930232,0.3720930232558139,0.5813953488372093,0.0,,
20250813-110721,damage_immediate,california_housing,reg,neurons,0,0.2,5,0,c:\Users\Admin\Desktop\ffnn-healing\models\reg_california_baseline_20250813-104035_best.pt,rmse,0.5373355181330539,0.5373355181330539,0.0,,0.374850183725357,
20250813-110721,damage_immediate,california_housing,reg,neurons,0,0.2,5,1,c:\Users\Admin\Desktop\ffnn-healing\models\reg_california_baseline_20250813-104035_best.pt,rmse,0.5373355181330539,0.7588124314567272,0.2214769133236732,,0.5098206400871277,
20250813-110721,damage_immediate,california_housing,reg,neurons,0,0.2,5,2,c:\Users\Admin\Desktop\ffnn-healing\models\reg_california_baseline_20250813-104035_best.pt,rmse,0.5373355181330539,0.7506551265467554,0.2133196084137014,,0.5255913734436035,
20250813-110721,damage_immediate,california_housing,reg,neurons,0,0.2,5,3,c:\Users\Admin\Desktop\ffnn-healing\models\reg_california_baseline_20250813-104035_best.pt,rmse,0.5373355181330539,0.8085843514158834,0.2712488332828294,,0.5722992420196533,
20250813-110721,damage_immediate,california_housing,reg,neurons,0,0.2,5,4,c:\Users\Admin\Desktop\ffnn-healing\models\reg_california_baseline_20250813-104035_best.pt,rmse,0.5373355181330539,0.8313168606363763,0.2939813425033224,,0.5953677296638489,
20250813-110721,damage_immediate,california_housing,reg,neurons,0,0.2,5,5,c:\Users\Admin\Desktop\ffnn-healing\models\reg_california_baseline_20250813-104035_best.pt,rmse,0.5373355181330539,0.9004139597221144,0.3630784415890604,,0.6136718988418579,
20250813-110722,damage_immediate,california_housing,reg,neurons,0,0.2,10,0,c:\Users\Admin\Desktop\ffnn-healing\models\reg_california_baseline_20250813-104035_best.pt,rmse,0.5373355181330539,0.5373355181330539,0.0,,0.374850183725357,
20250813-110722,damage_immediate,california_housing,reg,neurons,0,0.2,10,1,c:\Users\Admin\Desktop\ffnn-healing\models\reg_california_baseline_20250813-104035_best.pt,rmse,0.5373355181330539,0.7588124314567272,0.2214769133236732,,0.5098206400871277,
20250813-110722,damage_immediate,california_housing,reg,neurons,0,0.2,10,2,c:\Users\Admin\Desktop\ffnn-healing\models\reg_california_baseline_20250813-104035_best.pt,rmse,0.5373355181330539,0.7506551265467554,0.2133196084137014,,0.5255913734436035,
20250813-110722,damage_immediate,california_housing,reg,neurons,0,0.2,10,3,c:\Users\Admin\Desktop\ffnn-healing\models\reg_california_baseline_20250813-104035_best.pt,rmse,0.5373355181330539,0.8085843514158834,0.2712488332828294,,0.5722992420196533,
20250813-110722,damage_immediate,california_housing,reg,neurons,0,0.2,10,4,c:\Users\Admin\Desktop\ffnn-healing\models\reg_california_baseline_20250813-104035_best.pt,rmse,0.5373355181330539,0.8313168606363763,0.2939813425033224,,0.5953677296638489,
20250813-110722,damage_immediate,california_housing,reg,neurons,0,0.2,10,5,c:\Users\Admin\Desktop\ffnn-healing\models\reg_california_baseline_20250813-104035_best.pt,rmse,0.5373355181330539,0.9004139597221144,0.3630784415890604,,0.6136718988418579,
20250813-110722,damage_immediate,california_housing,reg,neurons,0,0.2,10,6,c:\Users\Admin\Desktop\ffnn-healing\models\reg_california_baseline_20250813-104035_best.pt,rmse,0.5373355181330539,0.9675236600008488,0.4301881418677948,,0.6807172298431396,
20250813-110722,damage_immediate,california_housing,reg,neurons,0,0.2,10,7,c:\Users\Admin\Desktop\ffnn-healing\models\reg_california_baseline_20250813-104035_best.pt,rmse,0.5373355181330539,1.0500015145245485,0.5126659963914943,,0.742705762386322,
20250813-110722,damage_immediate,california_housing,reg,neurons,0,0.2,10,8,c:\Users\Admin\Desktop\ffnn-healing\models\reg_california_baseline_20250813-104035_best.pt,rmse,0.5373355181330539,1.041559932326738,0.504224414193684,,0.7296239733695984,
20250813-110722,damage_immediate,california_housing,reg,neurons,0,0.2,10,9,c:\Users\Admin\Desktop\ffnn-healing\models\reg_california_baseline_20250813-104035_best.pt,rmse,0.5373355181330539,1.1194971392187356,0.5821616210856817,,0.7955227494239807,
20250813-110722,damage_immediate,california_housing,reg,neurons,0,0.2,10,10,c:\Users\Admin\Desktop\ffnn-healing\models\reg_california_baseline_20250813-104035_best.pt,rmse,0.5373355181330539,1.116858640699327,0.5795231225662731,,0.7942600250244141,
20250813-110723,damage_immediate,california_housing,reg,neurons,0,0.4,5,0,c:\Users\Admin\Desktop\ffnn-healing\models\reg_california_baseline_20250813-104035_best.pt,rmse,0.5373355181330539,0.5373355181330539,0.0,,0.374850183725357,
20250813-110723,damage_immediate,california_housing,reg,neurons,0,0.4,5,1,c:\Users\Admin\Desktop\ffnn-healing\models\reg_california_baseline_20250813-104035_best.pt,rmse,0.5373355181330539,0.6448669253067636,0.1075314071737096,,0.4825322031974792,
20250813-110723,damage_immediate,california_housing,reg,neurons,0,0.4,5,2,c:\Users\Admin\Desktop\ffnn-healing\models\reg_california_baseline_20250813-104035_best.pt,rmse,0.5373355181330539,0.8594498688423136,0.3221143507092596,,0.5913374423980713,
20250813-110723,damage_immediate,california_housing,reg,neurons,0,0.4,5,3,c:\Users\Admin\Desktop\ffnn-healing\models\reg_california_baseline_20250813-104035_best.pt,rmse,0.5373355181330539,1.071479439663203,0.5341439215301491,,0.7657623887062073,
20250813-110723,damage_immediate,california_housing,reg,neurons,0,0.4,5,4,c:\Users\Admin\Desktop\ffnn-healing\models\reg_california_baseline_20250813-104035_best.pt,rmse,0.5373355181330539,1.1761462383333194,0.6388107202002655,,0.8402397036552429,
20250813-110723,damage_immediate,california_housing,reg,neurons,0,0.4,5,5,c:\Users\Admin\Desktop\ffnn-healing\models\reg_california_baseline_20250813-104035_best.pt,rmse,0.5373355181330539,1.2576738837967154,0.7203383656636615,,0.9050466418266296,
20250813-110724,damage_immediate,california_housing,reg,neurons,0,0.4,10,0,c:\Users\Admin\Desktop\ffnn-healing\models\reg_california_baseline_20250813-104035_best.pt,rmse,0.5373355181330539,0.5373355181330539,0.0,,0.374850183725357,
20250813-110724,damage_immediate,california_housing,reg,neurons,0,0.4,10,1,c:\Users\Admin\Desktop\ffnn-healing\models\reg_california_baseline_20250813-104035_best.pt,rmse,0.5373355181330539,0.6448669253067636,0.1075314071737096,,0.4825322031974792,
20250813-110724,damage_immediate,california_housing,reg,neurons,0,0.4,10,2,c:\Users\Admin\Desktop\ffnn-healing\models\reg_california_baseline_20250813-104035_best.pt,rmse,0.5373355181330539,0.8594498688423136,0.3221143507092596,,0.5913374423980713,
20250813-110724,damage_immediate,california_housing,reg,neurons,0,0.4,10,3,c:\Users\Admin\Desktop\ffnn-healing\models\reg_california_baseline_20250813-104035_best.pt,rmse,0.5373355181330539,1.071479439663203,0.5341439215301491,,0.7657623887062073,
20250813-110724,damage_immediate,california_housing,reg,neurons,0,0.4,10,4,c:\Users\Admin\Desktop\ffnn-healing\models\reg_california_baseline_20250813-104035_best.pt,rmse,0.5373355181330539,1.1761462383333194,0.6388107202002655,,0.8402397036552429,
20250813-110724,damage_immediate,california_housing,reg,neurons,0,0.4,10,5,c:\Users\Admin\Desktop\ffnn-healing\models\reg_california_baseline_20250813-104035_best.pt,rmse,0.5373355181330539,1.2576738837967154,0.7203383656636615,,0.9050466418266296,
20250813-110724,damage_immediate,california_housing,reg,neurons,0,0.4,10,6,c:\Users\Admin\Desktop\ffnn-healing\models\reg_california_baseline_20250813-104035_best.pt,rmse,0.5373355181330539,1.2471982551250522,0.7098627369919983,,0.8990431427955627,
20250813-110724,damage_immediate,california_housing,reg,neurons,0,0.4,10,7,c:\Users\Admin\Desktop\ffnn-healing\models\reg_california_baseline_20250813-104035_best.pt,rmse,0.5373355181330539,1.2398970498140454,0.7025615316809914,,0.9017995595932008,
20250813-110724,damage_immediate,california_housing,reg,neurons,0,0.4,10,8,c:\Users\Admin\Desktop\ffnn-healing\models\reg_california_baseline_20250813-104035_best.pt,rmse,0.5373355181330539,1.2531723298911632,0.7158368117581093,,0.913375437259674,
20250813-110724,damage_immediate,california_housing,reg,neurons,0,0.4,10,9,c:\Users\Admin\Desktop\ffnn-healing\models\reg_california_baseline_20250813-104035_best.pt,rmse,0.5373355181330539,1.2531723298911632,0.7158368117581093,,0.913375437259674,
20250813-110724,damage_immediate,california_housing,reg,neurons,0,0.4,10,10,c:\Users\Admin\Desktop\ffnn-healing\models\reg_california_baseline_20250813-104035_best.pt,rmse,0.5373355181330539,1.2531723298911632,0.7158368117581093,,0.913375437259674,
20250813-125317,damage_immediate,breast_cancer,clf,neurons,3,0.2,5,0,c:\Users\Admin\Desktop\ffnn-healing\models\clf_breast_cancer_baseline_20250813-103737_best.pt,accuracy,0.9534883720930232,0.9534883720930232,0.0,0.9629629629629628,,
20250813-125317,damage_immediate,breast_cancer,clf,neurons,3,0.2,5,1,c:\Users\Admin\Desktop\ffnn-healing\models\clf_breast_cancer_baseline_20250813-103737_best.pt,accuracy,0.9534883720930232,0.9418604651162792,0.0116279069767442,0.9557522123893806,,
20250813-125317,damage_immediate,breast_cancer,clf,neurons,3,0.2,5,2,c:\Users\Admin\Desktop\ffnn-healing\models\clf_breast_cancer_baseline_20250813-103737_best.pt,accuracy,0.9534883720930232,0.9302325581395348,0.0232558139534884,0.9473684210526316,,
20250813-125317,damage_immediate,breast_cancer,clf,neurons,3,0.2,5,3,c:\Users\Admin\Desktop\ffnn-healing\models\clf_breast_cancer_baseline_20250813-103737_best.pt,accuracy,0.9534883720930232,0.9069767441860463,0.0465116279069768,0.9310344827586208,,
20250813-125317,damage_immediate,breast_cancer,clf,neurons,3,0.2,5,4,c:\Users\Admin\Desktop\ffnn-healing\models\clf_breast_cancer_baseline_20250813-103737_best.pt,accuracy,0.9534883720930232,0.9069767441860463,0.0465116279069768,0.9310344827586208,,
20250813-125317,damage_immediate,breast_cancer,clf,neurons,3,0.2,5,5,c:\Users\Admin\Desktop\ffnn-healing\models\clf_breast_cancer_baseline_20250813-103737_best.pt,accuracy,0.9534883720930232,0.9186046511627908,0.0348837209302326,0.9391304347826088,,
20250813-125317,damage_immediate,breast_cancer,clf,neurons,3,0.2,10,0,c:\Users\Admin\Desktop\ffnn-healing\models\clf_breast_cancer_baseline_20250813-103737_best.pt,accuracy,0.9534883720930232,0.9534883720930232,0.0,0.9629629629629628,,
20250813-125317,damage_immediate,breast_cancer,clf,neurons,3,0.2,10,1,c:\Users\Admin\Desktop\ffnn-healing\models\clf_breast_cancer_baseline_20250813-103737_best.pt,accuracy,0.9534883720930232,0.9418604651162792,0.0116279069767442,0.9557522123893806,,
20250813-125317,damage_immediate,breast_cancer,clf,neurons,3,0.2,10,2,c:\Users\Admin\Desktop\ffnn-healing\models\clf_breast_cancer_baseline_20250813-103737_best.pt,accuracy,0.9534883720930232,0.9302325581395348,0.0232558139534884,0.9473684210526316,,
20250813-125317,damage_immediate,breast_cancer,clf,neurons,3,0.2,10,3,c:\Users\Admin\Desktop\ffnn-healing\models\clf_breast_cancer_baseline_20250813-103737_best.pt,accuracy,0.9534883720930232,0.9069767441860463,0.0465116279069768,0.9310344827586208,,
20250813-125317,damage_immediate,breast_cancer,clf,neurons,3,0.2,10,4,c:\Users\Admin\Desktop\ffnn-healing\models\clf_breast_cancer_baseline_20250813-103737_best.pt,accuracy,0.9534883720930232,0.9069767441860463,0.0465116279069768,0.9310344827586208,,
20250813-125317,damage_immediate,breast_cancer,clf,neurons,3,0.2,10,5,c:\Users\Admin\Desktop\ffnn-healing\models\clf_breast_cancer_baseline_20250813-103737_best.pt,accuracy,0.9534883720930232,0.9186046511627908,0.0348837209302326,0.9391304347826088,,
20250813-125317,damage_immediate,breast_cancer,clf,neurons,3,0.2,10,6,c:\Users\Admin\Desktop\ffnn-healing\models\clf_breast_cancer_baseline_20250813-103737_best.pt,accuracy,0.9534883720930232,0.9186046511627908,0.0348837209302326,0.9391304347826088,,
20250813-125317,damage_immediate,breast_cancer,clf,neurons,3,0.2,10,7,c:\Users\Admin\Desktop\ffnn-healing\models\clf_breast_cancer_baseline_20250813-103737_best.pt,accuracy,0.9534883720930232,0.9186046511627908,0.0348837209302326,0.9391304347826088,,
20250813-125317,damage_immediate,breast_cancer,clf,neurons,3,0.2,10,8,c:\Users\Admin\Desktop\ffnn-healing\models\clf_breast_cancer_baseline_20250813-103737_best.pt,accuracy,0.9534883720930232,0.7441860465116279,0.2093023255813954,0.8307692307692308,,
20250813-125317,damage_immediate,breast_cancer,clf,neurons,3,0.2,10,9,c:\Users\Admin\Desktop\ffnn-healing\models\clf_breast_cancer_baseline_20250813-103737_best.pt,accuracy,0.9534883720930232,0.7674418604651163,0.1860465116279069,0.8412698412698413,,
20250813-125317,damage_immediate,breast_cancer,clf,neurons,3,0.2,10,10,c:\Users\Admin\Desktop\ffnn-healing\models\clf_breast_cancer_baseline_20250813-103737_best.pt,accuracy,0.9534883720930232,0.4883720930232558,0.4651162790697675,0.3714285714285714,,
20250813-125317,damage_immediate,breast_cancer,clf,neurons,3,0.4,5,0,c:\Users\Admin\Desktop\ffnn-healing\models\clf_breast_cancer_baseline_20250813-103737_best.pt,accuracy,0.9534883720930232,0.9534883720930232,0.0,0.9629629629629628,,
20250813-125317,damage_immediate,breast_cancer,clf,neurons,3,0.4,5,1,c:\Users\Admin\Desktop\ffnn-healing\models\clf_breast_cancer_baseline_20250813-103737_best.pt,accuracy,0.9534883720930232,0.9186046511627908,0.0348837209302326,0.9391304347826088,,
20250813-125317,damage_immediate,breast_cancer,clf,neurons,3,0.4,5,2,c:\Users\Admin\Desktop\ffnn-healing\models\clf_breast_cancer_baseline_20250813-103737_best.pt,accuracy,0.9534883720930232,0.9186046511627908,0.0348837209302326,0.9391304347826088,,
20250813-125317,damage_immediate,breast_cancer,clf,neurons,3,0.4,5,3,c:\Users\Admin\Desktop\ffnn-healing\models\clf_breast_cancer_baseline_20250813-103737_best.pt,accuracy,0.9534883720930232,0.8837209302325582,0.0697674418604651,0.9107142857142856,,
20250813-125317,damage_immediate,breast_cancer,clf,neurons,3,0.4,5,4,c:\Users\Admin\Desktop\ffnn-healing\models\clf_breast_cancer_baseline_20250813-103737_best.pt,accuracy,0.9534883720930232,0.7674418604651163,0.1860465116279069,0.8305084745762712,,
20250813-125317,damage_immediate,breast_cancer,clf,neurons,3,0.4,5,5,c:\Users\Admin\Desktop\ffnn-healing\models\clf_breast_cancer_baseline_20250813-103737_best.pt,accuracy,0.9534883720930232,0.7674418604651163,0.1860465116279069,0.8305084745762712,,
20250813-125318,damage_immediate,breast_cancer,clf,neurons,3,0.4,10,0,c:\Users\Admin\Desktop\ffnn-healing\models\clf_breast_cancer_baseline_20250813-103737_best.pt,accuracy,0.9534883720930232,0.9534883720930232,0.0,0.9629629629629628,,
20250813-125318,damage_immediate,breast_cancer,clf,neurons,3,0.4,10,1,c:\Users\Admin\Desktop\ffnn-healing\models\clf_breast_cancer_baseline_20250813-103737_best.pt,accuracy,0.9534883720930232,0.9186046511627908,0.0348837209302326,0.9391304347826088,,
20250813-125318,damage_immediate,breast_cancer,clf,neurons,3,0.4,10,2,c:\Users\Admin\Desktop\ffnn-healing\models\clf_breast_cancer_baseline_20250813-103737_best.pt,accuracy,0.9534883720930232,0.9186046511627908,0.0348837209302326,0.9391304347826088,,
20250813-125318,damage_immediate,breast_cancer,clf,neurons,3,0.4,10,3,c:\Users\Admin\Desktop\ffnn-healing\models\clf_breast_cancer_baseline_20250813-103737_best.pt,accuracy,0.9534883720930232,0.8837209302325582,0.0697674418604651,0.9107142857142856,,
20250813-125318,damage_immediate,breast_cancer,clf,neurons,3,0.4,10,4,c:\Users\Admin\Desktop\ffnn-healing\models\clf_breast_cancer_baseline_20250813-103737_best.pt,accuracy,0.9534883720930232,0.7674418604651163,0.1860465116279069,0.8305084745762712,,
20250813-125318,damage_immediate,breast_cancer,clf,neurons,3,0.4,10,5,c:\Users\Admin\Desktop\ffnn-healing\models\clf_breast_cancer_baseline_20250813-103737_best.pt,accuracy,0.9534883720930232,0.7674418604651163,0.1860465116279069,0.8305084745762712,,
20250813-125318,damage_immediate,breast_cancer,clf,neurons,3,0.4,10,6,c:\Users\Admin\Desktop\ffnn-healing\models\clf_breast_cancer_baseline_20250813-103737_best.pt,accuracy,0.9534883720930232,0.3720930232558139,0.5813953488372093,0.0,,
20250813-125318,damage_immediate,breast_cancer,clf,neurons,3,0.4,10,7,c:\Users\Admin\Desktop\ffnn-healing\models\clf_breast_cancer_baseline_20250813-103737_best.pt,accuracy,0.9534883720930232,0.3720930232558139,0.5813953488372093,0.0,,
20250813-125318,damage_immediate,breast_cancer,clf,neurons,3,0.4,10,8,c:\Users\Admin\Desktop\ffnn-healing\models\clf_breast_cancer_baseline_20250813-103737_best.pt,accuracy,0.9534883720930232,0.3720930232558139,0.5813953488372093,0.0,,
20250813-125318,damage_immediate,breast_cancer,clf,neurons,3,0.4,10,9,c:\Users\Admin\Desktop\ffnn-healing\models\clf_breast_cancer_baseline_20250813-103737_best.pt,accuracy,0.9534883720930232,0.3720930232558139,0.5813953488372093,0.0,,
20250813-125318,damage_immediate,breast_cancer,clf,neurons,3,0.4,10,10,c:\Users\Admin\Desktop\ffnn-healing\models\clf_breast_cancer_baseline_20250813-103737_best.pt,accuracy,0.9534883720930232,0.3720930232558139,0.5813953488372093,0.0,,
20250813-130008,damage_immediate,breast_cancer,clf,weights,3,0.2,5,0,c:\Users\Admin\Desktop\ffnn-healing\models\clf_breast_cancer_baseline_20250813-103737_best.pt,accuracy,0.9534883720930232,0.9534883720930232,0.0,0.9629629629629628,,random
20250813-130008,damage_immediate,breast_cancer,clf,weights,3,0.2,5,1,c:\Users\Admin\Desktop\ffnn-healing\models\clf_breast_cancer_baseline_20250813-103737_best.pt,accuracy,0.9534883720930232,0.9534883720930232,0.0,0.9636363636363636,,random
20250813-130008,damage_immediate,breast_cancer,clf,weights,3,0.2,5,2,c:\Users\Admin\Desktop\ffnn-healing\models\clf_breast_cancer_baseline_20250813-103737_best.pt,accuracy,0.9534883720930232,0.9534883720930232,0.0,0.9622641509433962,,random
20250813-130008,damage_immediate,breast_cancer,clf,weights,3,0.2,5,3,c:\Users\Admin\Desktop\ffnn-healing\models\clf_breast_cancer_baseline_20250813-103737_best.pt,accuracy,0.9534883720930232,0.9534883720930232,0.0,0.9622641509433962,,random
20250813-130008,damage_immediate,breast_cancer,clf,weights,3,0.2,5,4,c:\Users\Admin\Desktop\ffnn-healing\models\clf_breast_cancer_baseline_20250813-103737_best.pt,accuracy,0.9534883720930232,0.9418604651162792,0.0116279069767442,0.9541284403669724,,random
20250813-130008,damage_immediate,breast_cancer,clf,weights,3,0.2,5,5,c:\Users\Admin\Desktop\ffnn-healing\models\clf_breast_cancer_baseline_20250813-103737_best.pt,accuracy,0.9534883720930232,0.9418604651162792,0.0116279069767442,0.9541284403669724,,random
20250813-130008,damage_immediate,breast_cancer,clf,weights,3,0.2,10,0,c:\Users\Admin\Desktop\ffnn-healing\models\clf_breast_cancer_baseline_20250813-103737_best.pt,accuracy,0.9534883720930232,0.9534883720930232,0.0,0.9629629629629628,,random
20250813-130008,damage_immediate,breast_cancer,clf,weights,3,0.2,10,1,c:\Users\Admin\Desktop\ffnn-healing\models\clf_breast_cancer_baseline_20250813-103737_best.pt,accuracy,0.9534883720930232,0.9534883720930232,0.0,0.9636363636363636,,random
20250813-130008,damage_immediate,breast_cancer,clf,weights,3,0.2,10,2,c:\Users\Admin\Desktop\ffnn-healing\models\clf_breast_cancer_baseline_20250813-103737_best.pt,accuracy,0.9534883720930232,0.9534883720930232,0.0,0.9622641509433962,,random
20250813-130008,damage_immediate,breast_cancer,clf,weights,3,0.2,10,3,c:\Users\Admin\Desktop\ffnn-healing\models\clf_breast_cancer_baseline_20250813-103737_best.pt,accuracy,0.9534883720930232,0.9534883720930232,0.0,0.9622641509433962,,random
20250813-130008,damage_immediate,breast_cancer,clf,weights,3,0.2,10,4,c:\Users\Admin\Desktop\ffnn-healing\models\clf_breast_cancer_baseline_20250813-103737_best.pt,accuracy,0.9534883720930232,0.9418604651162792,0.0116279069767442,0.9541284403669724,,random
20250813-130008,damage_immediate,breast_cancer,clf,weights,3,0.2,10,5,c:\Users\Admin\Desktop\ffnn-healing\models\clf_breast_cancer_baseline_20250813-103737_best.pt,accuracy,0.9534883720930232,0.9418604651162792,0.0116279069767442,0.9541284403669724,,random
20250813-130008,damage_immediate,breast_cancer,clf,weights,3,0.2,10,6,c:\Users\Admin\Desktop\ffnn-healing\models\clf_breast_cancer_baseline_20250813-103737_best.pt,accuracy,0.9534883720930232,0.9302325581395348,0.0232558139534884,0.9423076923076924,,random
20250813-130008,damage_immediate,breast_cancer,clf,weights,3,0.2,10,7,c:\Users\Admin\Desktop\ffnn-healing\models\clf_breast_cancer_baseline_20250813-103737_best.pt,accuracy,0.9534883720930232,0.9069767441860463,0.0465116279069768,0.9272727272727272,,random
20250813-130008,damage_immediate,breast_cancer,clf,weights,3,0.2,10,8,c:\Users\Admin\Desktop\ffnn-healing\models\clf_breast_cancer_baseline_20250813-103737_best.pt,accuracy,0.9534883720930232,0.9534883720930232,0.0,0.9629629629629628,,random
20250813-130008,damage_immediate,breast_cancer,clf,weights,3,0.2,10,9,c:\Users\Admin\Desktop\ffnn-healing\models\clf_breast_cancer_baseline_20250813-103737_best.pt,accuracy,0.9534883720930232,0.9186046511627908,0.0348837209302326,0.9369369369369368,,random
20250813-130008,damage_immediate,breast_cancer,clf,weights,3,0.2,10,10,c:\Users\Admin\Desktop\ffnn-healing\models\clf_breast_cancer_baseline_20250813-103737_best.pt,accuracy,0.9534883720930232,0.7790697674418605,0.1744186046511627,0.848,,random
20250813-130008,damage_immediate,breast_cancer,clf,weights,3,0.4,5,0,c:\Users\Admin\Desktop\ffnn-healing\models\clf_breast_cancer_baseline_20250813-103737_best.pt,accuracy,0.9534883720930232,0.9534883720930232,0.0,0.9629629629629628,,random
20250813-130008,damage_immediate,breast_cancer,clf,weights,3,0.4,5,1,c:\Users\Admin\Desktop\ffnn-healing\models\clf_breast_cancer_baseline_20250813-103737_best.pt,accuracy,0.9534883720930232,0.9651162790697676,-0.0116279069767442,0.972972972972973,,random
20250813-130008,damage_immediate,breast_cancer,clf,weights,3,0.4,5,2,c:\Users\Admin\Desktop\ffnn-healing\models\clf_breast_cancer_baseline_20250813-103737_best.pt,accuracy,0.9534883720930232,0.9418604651162792,0.0116279069767442,0.9557522123893806,,random
20250813-130008,damage_immediate,breast_cancer,clf,weights,3,0.4,5,3,c:\Users\Admin\Desktop\ffnn-healing\models\clf_breast_cancer_baseline_20250813-103737_best.pt,accuracy,0.9534883720930232,0.9186046511627908,0.0348837209302326,0.9369369369369368,,random
20250813-130008,damage_immediate,breast_cancer,clf,weights,3,0.4,5,4,c:\Users\Admin\Desktop\ffnn-healing\models\clf_breast_cancer_baseline_20250813-103737_best.pt,accuracy,0.9534883720930232,0.9302325581395348,0.0232558139534884,0.9464285714285714,,random
20250813-130008,damage_immediate,breast_cancer,clf,weights,3,0.4,5,5,c:\Users\Admin\Desktop\ffnn-healing\models\clf_breast_cancer_baseline_20250813-103737_best.pt,accuracy,0.9534883720930232,0.8604651162790697,0.0930232558139535,0.8823529411764706,,random
20250813-130008,damage_immediate,breast_cancer,clf,weights,3,0.4,10,0,c:\Users\Admin\Desktop\ffnn-healing\models\clf_breast_cancer_baseline_20250813-103737_best.pt,accuracy,0.9534883720930232,0.9534883720930232,0.0,0.9629629629629628,,random
20250813-130008,damage_immediate,breast_cancer,clf,weights,3,0.4,10,1,c:\Users\Admin\Desktop\ffnn-healing\models\clf_breast_cancer_baseline_20250813-103737_best.pt,accuracy,0.9534883720930232,0.9651162790697676,-0.0116279069767442,0.972972972972973,,random
20250813-130008,damage_immediate,breast_cancer,clf,weights,3,0.4,10,2,c:\Users\Admin\Desktop\ffnn-healing\models\clf_breast_cancer_baseline_20250813-103737_best.pt,accuracy,0.9534883720930232,0.9418604651162792,0.0116279069767442,0.9557522123893806,,random
20250813-130008,damage_immediate,breast_cancer,clf,weights,3,0.4,10,3,c:\Users\Admin\Desktop\ffnn-healing\models\clf_breast_cancer_baseline_20250813-103737_best.pt,accuracy,0.9534883720930232,0.9186046511627908,0.0348837209302326,0.9369369369369368,,random
20250813-130008,damage_immediate,breast_cancer,clf,weights,3,0.4,10,4,c:\Users\Admin\Desktop\ffnn-healing\models\clf_breast_cancer_baseline_20250813-103737_best.pt,accuracy,0.9534883720930232,0.9302325581395348,0.0232558139534884,0.9464285714285714,,random
20250813-130008,damage_immediate,breast_cancer,clf,weights,3,0.4,10,5,c:\Users\Admin\Desktop\ffnn-healing\models\clf_breast_cancer_baseline_20250813-103737_best.pt,accuracy,0.9534883720930232,0.8604651162790697,0.0930232558139535,0.8823529411764706,,random
20250813-130008,damage_immediate,breast_cancer,clf,weights,3,0.4,10,6,c:\Users\Admin\Desktop\ffnn-healing\models\clf_breast_cancer_baseline_20250813-103737_best.pt,accuracy,0.9534883720930232,0.9069767441860463,0.0465116279069768,0.9272727272727272,,random
20250813-130008,damage_immediate,breast_cancer,clf,weights,3,0.4,10,7,c:\Users\Admin\Desktop\ffnn-healing\models\clf_breast_cancer_baseline_20250813-103737_best.pt,accuracy,0.9534883720930232,0.7558139534883721,0.1976744186046511,0.7835051546391752,,random
20250813-130008,damage_immediate,breast_cancer,clf,weights,3,0.4,10,8,c:\Users\Admin\Desktop\ffnn-healing\models\clf_breast_cancer_baseline_20250813-103737_best.pt,accuracy,0.9534883720930232,0.313953488372093,0.6395348837209303,0.2716049382716049,,random
20250813-130008,damage_immediate,breast_cancer,clf,weights,3,0.4,10,9,c:\Users\Admin\Desktop\ffnn-healing\models\clf_breast_cancer_baseline_20250813-103737_best.pt,accuracy,0.9534883720930232,0.2441860465116279,0.7093023255813954,0.3157894736842105,,random
20250813-130008,damage_immediate,breast_cancer,clf,weights,3,0.4,10,10,c:\Users\Admin\Desktop\ffnn-healing\models\clf_breast_cancer_baseline_20250813-103737_best.pt,accuracy,0.9534883720930232,0.5581395348837209,0.3953488372093023,0.4722222222222222,,random
20250813-130008,damage_immediate,breast_cancer,clf,weights,3,0.2,5,0,c:\Users\Admin\Desktop\ffnn-healing\models\clf_breast_cancer_baseline_20250813-103737_best.pt,accuracy,0.9534883720930232,0.9534883720930232,0.0,0.9629629629629628,,block
20250813-130008,damage_immediate,breast_cancer,clf,weights,3,0.2,5,1,c:\Users\Admin\Desktop\ffnn-healing\models\clf_breast_cancer_baseline_20250813-103737_best.pt,accuracy,0.9534883720930232,0.9534883720930232,0.0,0.9642857142857144,,block
20250813-130008,damage_immediate,breast_cancer,clf,weights,3,0.2,5,2,c:\Users\Admin\Desktop\ffnn-healing\models\clf_breast_cancer_baseline_20250813-103737_best.pt,accuracy,0.9534883720930232,0.9418604651162792,0.0116279069767442,0.9557522123893806,,block
20250813-130008,damage_immediate,breast_cancer,clf,weights,3,0.2,5,3,c:\Users\Admin\Desktop\ffnn-healing\models\clf_breast_cancer_baseline_20250813-103737_best.pt,accuracy,0.9534883720930232,0.9651162790697676,-0.0116279069767442,0.972972972972973,,block
20250813-130008,damage_immediate,breast_cancer,clf,weights,3,0.2,5,4,c:\Users\Admin\Desktop\ffnn-healing\models\clf_breast_cancer_baseline_20250813-103737_best.pt,accuracy,0.9534883720930232,0.9534883720930232,0.0,0.9642857142857144,,block
20250813-130008,damage_immediate,breast_cancer,clf,weights,3,0.2,5,5,c:\Users\Admin\Desktop\ffnn-healing\models\clf_breast_cancer_baseline_20250813-103737_best.pt,accuracy,0.9534883720930232,0.9651162790697676,-0.0116279069767442,0.972972972972973,,block
20250813-130009,damage_immediate,breast_cancer,clf,weights,3,0.2,10,0,c:\Users\Admin\Desktop\ffnn-healing\models\clf_breast_cancer_baseline_20250813-103737_best.pt,accuracy,0.9534883720930232,0.9534883720930232,0.0,0.9629629629629628,,block
20250813-130009,damage_immediate,breast_cancer,clf,weights,3,0.2,10,1,c:\Users\Admin\Desktop\ffnn-healing\models\clf_breast_cancer_baseline_20250813-103737_best.pt,accuracy,0.9534883720930232,0.9534883720930232,0.0,0.9642857142857144,,block
20250813-130009,damage_immediate,breast_cancer,clf,weights,3,0.2,10,2,c:\Users\Admin\Desktop\ffnn-healing\models\clf_breast_cancer_baseline_20250813-103737_best.pt,accuracy,0.9534883720930232,0.9418604651162792,0.0116279069767442,0.9557522123893806,,block
20250813-130009,damage_immediate,breast_cancer,clf,weights,3,0.2,10,3,c:\Users\Admin\Desktop\ffnn-healing\models\clf_breast_cancer_baseline_20250813-103737_best.pt,accuracy,0.9534883720930232,0.9651162790697676,-0.0116279069767442,0.972972972972973,,block
20250813-130009,damage_immediate,breast_cancer,clf,weights,3,0.2,10,4,c:\Users\Admin\Desktop\ffnn-healing\models\clf_breast_cancer_baseline_20250813-103737_best.pt,accuracy,0.9534883720930232,0.9534883720930232,0.0,0.9642857142857144,,block
20250813-130009,damage_immediate,breast_cancer,clf,weights,3,0.2,10,5,c:\Users\Admin\Desktop\ffnn-healing\models\clf_breast_cancer_baseline_20250813-103737_best.pt,accuracy,0.9534883720930232,0.9651162790697676,-0.0116279069767442,0.972972972972973,,block
20250813-130009,damage_immediate,breast_cancer,clf,weights,3,0.2,10,6,c:\Users\Admin\Desktop\ffnn-healing\models\clf_breast_cancer_baseline_20250813-103737_best.pt,accuracy,0.9534883720930232,0.9651162790697676,-0.0116279069767442,0.972972972972973,,block
20250813-130009,damage_immediate,breast_cancer,clf,weights,3,0.2,10,7,c:\Users\Admin\Desktop\ffnn-healing\models\clf_breast_cancer_baseline_20250813-103737_best.pt,accuracy,0.9534883720930232,0.9767441860465116,-0.0232558139534883,0.9818181818181818,,block
20250813-130009,damage_immediate,breast_cancer,clf,weights,3,0.2,10,8,c:\Users\Admin\Desktop\ffnn-healing\models\clf_breast_cancer_baseline_20250813-103737_best.pt,accuracy,0.9534883720930232,0.9418604651162792,0.0116279069767442,0.9541284403669724,,block
20250813-130009,damage_immediate,breast_cancer,clf,weights,3,0.2,10,9,c:\Users\Admin\Desktop\ffnn-healing\models\clf_breast_cancer_baseline_20250813-103737_best.pt,accuracy,0.9534883720930232,0.9418604651162792,0.0116279069767442,0.9541284403669724,,block
20250813-130009,damage_immediate,breast_cancer,clf,weights,3,0.2,10,10,c:\Users\Admin\Desktop\ffnn-healing\models\clf_breast_cancer_baseline_20250813-103737_best.pt,accuracy,0.9534883720930232,0.9534883720930232,0.0,0.9629629629629628,,block
20250813-130009,damage_immediate,breast_cancer,clf,weights,3,0.4,5,0,c:\Users\Admin\Desktop\ffnn-healing\models\clf_breast_cancer_baseline_20250813-103737_best.pt,accuracy,0.9534883720930232,0.9534883720930232,0.0,0.9629629629629628,,block
20250813-130009,damage_immediate,breast_cancer,clf,weights,3,0.4,5,1,c:\Users\Admin\Desktop\ffnn-healing\models\clf_breast_cancer_baseline_20250813-103737_best.pt,accuracy,0.9534883720930232,0.9534883720930232,0.0,0.9642857142857144,,block
20250813-130009,damage_immediate,breast_cancer,clf,weights,3,0.4,5,2,c:\Users\Admin\Desktop\ffnn-healing\models\clf_breast_cancer_baseline_20250813-103737_best.pt,accuracy,0.9534883720930232,0.9534883720930232,0.0,0.9642857142857144,,block
20250813-130009,damage_immediate,breast_cancer,clf,weights,3,0.4,5,3,c:\Users\Admin\Desktop\ffnn-healing\models\clf_breast_cancer_baseline_20250813-103737_best.pt,accuracy,0.9534883720930232,0.9534883720930232,0.0,0.9636363636363636,,block
20250813-130009,damage_immediate,breast_cancer,clf,weights,3,0.4,5,4,c:\Users\Admin\Desktop\ffnn-healing\models\clf_breast_cancer_baseline_20250813-103737_best.pt,accuracy,0.9534883720930232,0.9302325581395348,0.0232558139534884,0.9454545454545454,,block
20250813-130009,damage_immediate,breast_cancer,clf,weights,3,0.4,5,5,c:\Users\Admin\Desktop\ffnn-healing\models\clf_breast_cancer_baseline_20250813-103737_best.pt,accuracy,0.9534883720930232,0.9186046511627908,0.0348837209302326,0.9357798165137616,,block
20250813-130009,damage_immediate,breast_cancer,clf,weights,3,0.4,10,0,c:\Users\Admin\Desktop\ffnn-healing\models\clf_breast_cancer_baseline_20250813-103737_best.pt,accuracy,0.9534883720930232,0.9534883720930232,0.0,0.9629629629629628,,block
20250813-130009,damage_immediate,breast_cancer,clf,weights,3,0.4,10,1,c:\Users\Admin\Desktop\ffnn-healing\models\clf_breast_cancer_baseline_20250813-103737_best.pt,accuracy,0.9534883720930232,0.9534883720930232,0.0,0.9642857142857144,,block
20250813-130009,damage_immediate,breast_cancer,clf,weights,3,0.4,10,2,c:\Users\Admin\Desktop\ffnn-healing\models\clf_breast_cancer_baseline_20250813-103737_best.pt,accuracy,0.9534883720930232,0.9534883720930232,0.0,0.9642857142857144,,block
20250813-130009,damage_immediate,breast_cancer,clf,weights,3,0.4,10,3,c:\Users\Admin\Desktop\ffnn-healing\models\clf_breast_cancer_baseline_20250813-103737_best.pt,accuracy,0.9534883720930232,0.9534883720930232,0.0,0.9636363636363636,,block
20250813-130009,damage_immediate,breast_cancer,clf,weights,3,0.4,10,4,c:\Users\Admin\Desktop\ffnn-healing\models\clf_breast_cancer_baseline_20250813-103737_best.pt,accuracy,0.9534883720930232,0.9302325581395348,0.0232558139534884,0.9454545454545454,,block
20250813-130009,damage_immediate,breast_cancer,clf,weights,3,0.4,10,5,c:\Users\Admin\Desktop\ffnn-healing\models\clf_breast_cancer_baseline_20250813-103737_best.pt,accuracy,0.9534883720930232,0.9186046511627908,0.0348837209302326,0.9357798165137616,,block
20250813-130009,damage_immediate,breast_cancer,clf,weights,3,0.4,10,6,c:\Users\Admin\Desktop\ffnn-healing\models\clf_breast_cancer_baseline_20250813-103737_best.pt,accuracy,0.9534883720930232,0.9302325581395348,0.0232558139534884,0.9454545454545454,,block
20250813-130009,damage_immediate,breast_cancer,clf,weights,3,0.4,10,7,c:\Users\Admin\Desktop\ffnn-healing\models\clf_breast_cancer_baseline_20250813-103737_best.pt,accuracy,0.9534883720930232,0.9186046511627908,0.0348837209302326,0.9357798165137616,,block
20250813-130009,damage_immediate,breast_cancer,clf,weights,3,0.4,10,8,c:\Users\Admin\Desktop\ffnn-healing\models\clf_breast_cancer_baseline_20250813-103737_best.pt,accuracy,0.9534883720930232,0.9302325581395348,0.0232558139534884,0.9454545454545454,,block
20250813-130009,damage_immediate,breast_cancer,clf,weights,3,0.4,10,9,c:\Users\Admin\Desktop\ffnn-healing\models\clf_breast_cancer_baseline_20250813-103737_best.pt,accuracy,0.9534883720930232,0.9302325581395348,0.0232558139534884,0.9454545454545454,,block
20250813-130009,damage_immediate,breast_cancer,clf,weights,3,0.4,10,10,c:\Users\Admin\Desktop\ffnn-healing\models\clf_breast_cancer_baseline_20250813-103737_best.pt,accuracy,0.9534883720930232,0.9186046511627908,0.0348837209302326,0.9369369369369368,,block
20250813-134632,damage_immediate,california_housing,reg,weights,3,0.2,5,0,c:\Users\Admin\Desktop\ffnn-healing\models\reg_california_baseline_20250813-104035_best.pt,rmse,0.5373355181330539,0.5373355181330539,0.0,,0.374850183725357,random
20250813-134632,damage_immediate,california_housing,reg,weights,3,0.2,5,1,c:\Users\Admin\Desktop\ffnn-healing\models\reg_california_baseline_20250813-104035_best.pt,rmse,0.5373355181330539,0.582959299289533,0.0456237811564791,,0.4147663712501526,random
20250813-134632,damage_immediate,california_housing,reg,weights,3,0.2,5,2,c:\Users\Admin\Desktop\ffnn-healing\models\reg_california_baseline_20250813-104035_best.pt,rmse,0.5373355181330539,0.6389739928945317,0.1016384747614778,,0.4508879780769348,random
20250813-134632,damage_immediate,california_housing,reg,weights,3,0.2,5,3,c:\Users\Admin\Desktop\ffnn-healing\models\reg_california_baseline_20250813-104035_best.pt,rmse,0.5373355181330539,0.7223167240434879,0.184981205910434,,0.4879742562770843,random
20250813-134632,damage_immediate,california_housing,reg,weights,3,0.2,5,4,c:\Users\Admin\Desktop\ffnn-healing\models\reg_california_baseline_20250813-104035_best.pt,rmse,0.5373355181330539,0.77350115273309,0.236165634600036,,0.5555511116981506,random
20250813-134632,damage_immediate,california_housing,reg,weights,3,0.2,5,5,c:\Users\Admin\Desktop\ffnn-healing\models\reg_california_baseline_20250813-104035_best.pt,rmse,0.5373355181330539,0.8552064885542778,0.3178709704212239,,0.567740261554718,random
20250813-134633,damage_immediate,california_housing,reg,weights,3,0.2,10,0,c:\Users\Admin\Desktop\ffnn-healing\models\reg_california_baseline_20250813-104035_best.pt,rmse,0.5373355181330539,0.5373355181330539,0.0,,0.374850183725357,random
20250813-134633,damage_immediate,california_housing,reg,weights,3,0.2,10,1,c:\Users\Admin\Desktop\ffnn-healing\models\reg_california_baseline_20250813-104035_best.pt,rmse,0.5373355181330539,0.582959299289533,0.0456237811564791,,0.4147663712501526,random
20250813-134633,damage_immediate,california_housing,reg,weights,3,0.2,10,2,c:\Users\Admin\Desktop\ffnn-healing\models\reg_california_baseline_20250813-104035_best.pt,rmse,0.5373355181330539,0.6389739928945317,0.1016384747614778,,0.4508879780769348,random
20250813-134633,damage_immediate,california_housing,reg,weights,3,0.2,10,3,c:\Users\Admin\Desktop\ffnn-healing\models\reg_california_baseline_20250813-104035_best.pt,rmse,0.5373355181330539,0.7223167240434879,0.184981205910434,,0.4879742562770843,random
20250813-134633,damage_immediate,california_housing,reg,weights,3,0.2,10,4,c:\Users\Admin\Desktop\ffnn-healing\models\reg_california_baseline_20250813-104035_best.pt,rmse,0.5373355181330539,0.77350115273309,0.236165634600036,,0.5555511116981506,random
20250813-134633,damage_immediate,california_housing,reg,weights,3,0.2,10,5,c:\Users\Admin\Desktop\ffnn-healing\models\reg_california_baseline_20250813-104035_best.pt,rmse,0.5373355181330539,0.8552064885542778,0.3178709704212239,,0.567740261554718,random
20250813-134633,damage_immediate,california_housing,reg,weights,3,0.2,10,6,c:\Users\Admin\Desktop\ffnn-healing\models\reg_california_baseline_20250813-104035_best.pt,rmse,0.5373355181330539,0.8824426331934447,0.3451071150603908,,0.5752485990524292,random
20250813-134633,damage_immediate,california_housing,reg,weights,3,0.2,10,7,c:\Users\Admin\Desktop\ffnn-healing\models\reg_california_baseline_20250813-104035_best.pt,rmse,0.5373355181330539,0.8911904664774434,0.3538549483443894,,0.6139325499534607,random
20250813-134633,damage_immediate,california_housing,reg,weights,3,0.2,10,8,c:\Users\Admin\Desktop\ffnn-healing\models\reg_california_baseline_20250813-104035_best.pt,rmse,0.5373355181330539,0.9704400364207622,0.4331045182877082,,0.6728941202163696,random
20250813-134633,damage_immediate,california_housing,reg,weights,3,0.2,10,9,c:\Users\Admin\Desktop\ffnn-healing\models\reg_california_baseline_20250813-104035_best.pt,rmse,0.5373355181330539,1.041179651217168,0.5038441330841141,,0.7280803322792053,random
20250813-134633,damage_immediate,california_housing,reg,weights,3,0.2,10,10,c:\Users\Admin\Desktop\ffnn-healing\models\reg_california_baseline_20250813-104035_best.pt,rmse,0.5373355181330539,1.0007148810005926,0.4633793628675386,,0.7117770314216614,random
20250813-134633,damage_immediate,california_housing,reg,weights,3,0.4,5,0,c:\Users\Admin\Desktop\ffnn-healing\models\reg_california_baseline_20250813-104035_best.pt,rmse,0.5373355181330539,0.5373355181330539,0.0,,0.374850183725357,random
20250813-134633,damage_immediate,california_housing,reg,weights,3,0.4,5,1,c:\Users\Admin\Desktop\ffnn-healing\models\reg_california_baseline_20250813-104035_best.pt,rmse,0.5373355181330539,0.7660613081876814,0.2287257900546274,,0.5206068754196167,random
20250813-134633,damage_immediate,california_housing,reg,weights,3,0.4,5,2,c:\Users\Admin\Desktop\ffnn-healing\models\reg_california_baseline_20250813-104035_best.pt,rmse,0.5373355181330539,0.9386461880677972,0.4013106699347433,,0.6363059878349304,random
20250813-134633,damage_immediate,california_housing,reg,weights,3,0.4,5,3,c:\Users\Admin\Desktop\ffnn-healing\models\reg_california_baseline_20250813-104035_best.pt,rmse,0.5373355181330539,1.015353239820694,0.4780177216876402,,0.743478536605835,random
20250813-134633,damage_immediate,california_housing,reg,weights,3,0.4,5,4,c:\Users\Admin\Desktop\ffnn-healing\models\reg_california_baseline_20250813-104035_best.pt,rmse,0.5373355181330539,1.0848767156041268,0.5475411974710729,,0.7792961001396179,random
20250813-134633,damage_immediate,california_housing,reg,weights,3,0.4,5,5,c:\Users\Admin\Desktop\ffnn-healing\models\reg_california_baseline_20250813-104035_best.pt,rmse,0.5373355181330539,1.0232401650312852,0.4859046468982313,,0.7373368740081787,random
20250813-134634,damage_immediate,california_housing,reg,weights,3,0.4,10,0,c:\Users\Admin\Desktop\ffnn-healing\models\reg_california_baseline_20250813-104035_best.pt,rmse,0.5373355181330539,0.5373355181330539,0.0,,0.374850183725357,random
20250813-134634,damage_immediate,california_housing,reg,weights,3,0.4,10,1,c:\Users\Admin\Desktop\ffnn-healing\models\reg_california_baseline_20250813-104035_best.pt,rmse,0.5373355181330539,0.7660613081876814,0.2287257900546274,,0.5206068754196167,random
20250813-134634,damage_immediate,california_housing,reg,weights,3,0.4,10,2,c:\Users\Admin\Desktop\ffnn-healing\models\reg_california_baseline_20250813-104035_best.pt,rmse,0.5373355181330539,0.9386461880677972,0.4013106699347433,,0.6363059878349304,random
20250813-134634,damage_immediate,california_housing,reg,weights,3,0.4,10,3,c:\Users\Admin\Desktop\ffnn-healing\models\reg_california_baseline_20250813-104035_best.pt,rmse,0.5373355181330539,1.015353239820694,0.4780177216876402,,0.743478536605835,random
20250813-134634,damage_immediate,california_housing,reg,weights,3,0.4,10,4,c:\Users\Admin\Desktop\ffnn-healing\models\reg_california_baseline_20250813-104035_best.pt,rmse,0.5373355181330539,1.0848767156041268,0.5475411974710729,,0.7792961001396179,random
20250813-134634,damage_immediate,california_housing,reg,weights,3,0.4,10,5,c:\Users\Admin\Desktop\ffnn-healing\models\reg_california_baseline_20250813-104035_best.pt,rmse,0.5373355181330539,1.0232401650312852,0.4859046468982313,,0.7373368740081787,random
20250813-134634,damage_immediate,california_housing,reg,weights,3,0.4,10,6,c:\Users\Admin\Desktop\ffnn-healing\models\reg_california_baseline_20250813-104035_best.pt,rmse,0.5373355181330539,1.0935878633487053,0.5562523452156514,,0.7858854532241821,random
20250813-134634,damage_immediate,california_housing,reg,weights,3,0.4,10,7,c:\Users\Admin\Desktop\ffnn-healing\models\reg_california_baseline_20250813-104035_best.pt,rmse,0.5373355181330539,1.1532088313863784,0.6158733132533245,,0.8235207200050354,random
20250813-134634,damage_immediate,california_housing,reg,weights,3,0.4,10,8,c:\Users\Admin\Desktop\ffnn-healing\models\reg_california_baseline_20250813-104035_best.pt,rmse,0.5373355181330539,1.1378683457974648,0.6005328276644109,,0.8168479800224304,random
20250813-134634,damage_immediate,california_housing,reg,weights,3,0.4,10,9,c:\Users\Admin\Desktop\ffnn-healing\models\reg_california_baseline_20250813-104035_best.pt,rmse,0.5373355181330539,1.18519579545433,0.647860277321276,,0.8544365763664246,random
20250813-134634,damage_immediate,california_housing,reg,weights,3,0.4,10,10,c:\Users\Admin\Desktop\ffnn-healing\models\reg_california_baseline_20250813-104035_best.pt,rmse,0.5373355181330539,1.1969355615179158,0.6596000433848619,,0.8643197417259216,random
20250813-134635,damage_immediate,california_housing,reg,weights,3,0.2,5,0,c:\Users\Admin\Desktop\ffnn-healing\models\reg_california_baseline_20250813-104035_best.pt,rmse,0.5373355181330539,0.5373355181330539,0.0,,0.374850183725357,block
20250813-134635,damage_immediate,california_housing,reg,weights,3,0.2,5,1,c:\Users\Admin\Desktop\ffnn-healing\models\reg_california_baseline_20250813-104035_best.pt,rmse,0.5373355181330539,0.5750742397894858,0.0377387216564318,,0.4016516506671905,block
20250813-134635,damage_immediate,california_housing,reg,weights,3,0.2,5,2,c:\Users\Admin\Desktop\ffnn-healing\models\reg_california_baseline_20250813-104035_best.pt,rmse,0.5373355181330539,0.5824834615790847,0.0451479434460307,,0.4038839042186737,block
20250813-134635,damage_immediate,california_housing,reg,weights,3,0.2,5,3,c:\Users\Admin\Desktop\ffnn-healing\models\reg_california_baseline_20250813-104035_best.pt,rmse,0.5373355181330539,0.787510015030408,0.250174496897354,,0.5396131277084351,block
20250813-134635,damage_immediate,california_housing,reg,weights,3,0.2,5,4,c:\Users\Admin\Desktop\ffnn-healing\models\reg_california_baseline_20250813-104035_best.pt,rmse,0.5373355181330539,0.8238274608191557,0.2864919426861018,,0.5465720295906067,block
20250813-134635,damage_immediate,california_housing,reg,weights,3,0.2,5,5,c:\Users\Admin\Desktop\ffnn-healing\models\reg_california_baseline_20250813-104035_best.pt,rmse,0.5373355181330539,0.8391457429365228,0.3018102248034688,,0.5569058060646057,block
20250813-134636,damage_immediate,california_housing,reg,weights,3,0.2,10,0,c:\Users\Admin\Desktop\ffnn-healing\models\reg_california_baseline_20250813-104035_best.pt,rmse,0.5373355181330539,0.5373355181330539,0.0,,0.374850183725357,block
20250813-134636,damage_immediate,california_housing,reg,weights,3,0.2,10,1,c:\Users\Admin\Desktop\ffnn-healing\models\reg_california_baseline_20250813-104035_best.pt,rmse,0.5373355181330539,0.5750742397894858,0.0377387216564318,,0.4016516506671905,block
20250813-134636,damage_immediate,california_housing,reg,weights,3,0.2,10,2,c:\Users\Admin\Desktop\ffnn-healing\models\reg_california_baseline_20250813-104035_best.pt,rmse,0.5373355181330539,0.5824834615790847,0.0451479434460307,,0.4038839042186737,block
20250813-134636,damage_immediate,california_housing,reg,weights,3,0.2,10,3,c:\Users\Admin\Desktop\ffnn-healing\models\reg_california_baseline_20250813-104035_best.pt,rmse,0.5373355181330539,0.787510015030408,0.250174496897354,,0.5396131277084351,block
20250813-134636,damage_immediate,california_housing,reg,weights,3,0.2,10,4,c:\Users\Admin\Desktop\ffnn-healing\models\reg_california_baseline_20250813-104035_best.pt,rmse,0.5373355181330539,0.8238274608191557,0.2864919426861018,,0.5465720295906067,block
20250813-134636,damage_immediate,california_housing,reg,weights,3,0.2,10,5,c:\Users\Admin\Desktop\ffnn-healing\models\reg_california_baseline_20250813-104035_best.pt,rmse,0.5373355181330539,0.8391457429365228,0.3018102248034688,,0.5569058060646057,block
20250813-134636,damage_immediate,california_housing,reg,weights,3,0.2,10,6,c:\Users\Admin\Desktop\ffnn-healing\models\reg_california_baseline_20250813-104035_best.pt,rmse,0.5373355181330539,0.8387533872282988,0.3014178690952449,,0.5574424862861633,block
20250813-134636,damage_immediate,california_housing,reg,weights,3,0.2,10,7,c:\Users\Admin\Desktop\ffnn-healing\models\reg_california_baseline_20250813-104035_best.pt,rmse,0.5373355181330539,0.8244438767888199,0.287108358655766,,0.5535205006599426,block
20250813-134636,damage_immediate,california_housing,reg,weights,3,0.2,10,8,c:\Users\Admin\Desktop\ffnn-healing\models\reg_california_baseline_20250813-104035_best.pt,rmse,0.5373355181330539,0.8798097501813273,0.3424742320482734,,0.6142910122871399,block
20250813-134636,damage_immediate,california_housing,reg,weights,3,0.2,10,9,c:\Users\Admin\Desktop\ffnn-healing\models\reg_california_baseline_20250813-104035_best.pt,rmse,0.5373355181330539,0.8551825475735444,0.3178470294404905,,0.6092221736907959,block
20250813-134636,damage_immediate,california_housing,reg,weights,3,0.2,10,10,c:\Users\Admin\Desktop\ffnn-healing\models\reg_california_baseline_20250813-104035_best.pt,rmse,0.5373355181330539,0.9439806422657258,0.4066451241326718,,0.672548770904541,block
20250813-134637,damage_immediate,california_housing,reg,weights,3,0.4,5,0,c:\Users\Admin\Desktop\ffnn-healing\models\reg_california_baseline_20250813-104035_best.pt,rmse,0.5373355181330539,0.5373355181330539,0.0,,0.374850183725357,block
20250813-134637,damage_immediate,california_housing,reg,weights,3,0.4,5,1,c:\Users\Admin\Desktop\ffnn-healing\models\reg_california_baseline_20250813-104035_best.pt,rmse,0.5373355181330539,0.6405439325537936,0.1032084144207396,,0.4553395211696625,block
20250813-134637,damage_immediate,california_housing,reg,weights,3,0.4,5,2,c:\Users\Admin\Desktop\ffnn-healing\models\reg_california_baseline_20250813-104035_best.pt,rmse,0.5373355181330539,0.6847647963419294,0.1474292782088755,,0.4879322052001953,block
20250813-134637,damage_immediate,california_housing,reg,weights,3,0.4,5,3,c:\Users\Admin\Desktop\ffnn-healing\models\reg_california_baseline_20250813-104035_best.pt,rmse,0.5373355181330539,0.964018712216316,0.4266831940832621,,0.6405268907546997,block
20250813-134637,damage_immediate,california_housing,reg,weights,3,0.4,5,4,c:\Users\Admin\Desktop\ffnn-healing\models\reg_california_baseline_20250813-104035_best.pt,rmse,0.5373355181330539,0.9742812405071216,0.4369457223740676,,0.6582723259925842,block
20250813-134637,damage_immediate,california_housing,reg,weights,3,0.4,5,5,c:\Users\Admin\Desktop\ffnn-healing\models\reg_california_baseline_20250813-104035_best.pt,rmse,0.5373355181330539,0.9748110514734788,0.4374755333404247,,0.6582962870597839,block
20250813-134637,damage_immediate,california_housing,reg,weights,3,0.4,10,0,c:\Users\Admin\Desktop\ffnn-healing\models\reg_california_baseline_20250813-104035_best.pt,rmse,0.5373355181330539,0.5373355181330539,0.0,,0.374850183725357,block
20250813-134637,damage_immediate,california_housing,reg,weights,3,0.4,10,1,c:\Users\Admin\Desktop\ffnn-healing\models\reg_california_baseline_20250813-104035_best.pt,rmse,0.5373355181330539,0.6405439325537936,0.1032084144207396,,0.4553395211696625,block
20250813-134637,damage_immediate,california_housing,reg,weights,3,0.4,10,2,c:\Users\Admin\Desktop\ffnn-healing\models\reg_california_baseline_20250813-104035_best.pt,rmse,0.5373355181330539,0.6847647963419294,0.1474292782088755,,0.4879322052001953,block
20250813-134637,damage_immediate,california_housing,reg,weights,3,0.4,10,3,c:\Users\Admin\Desktop\ffnn-healing\models\reg_california_baseline_20250813-104035_best.pt,rmse,0.5373355181330539,0.964018712216316,0.4266831940832621,,0.6405268907546997,block
20250813-134637,damage_immediate,california_housing,reg,weights,3,0.4,10,4,c:\Users\Admin\Desktop\ffnn-healing\models\reg_california_baseline_20250813-104035_best.pt,rmse,0.5373355181330539,0.9742812405071216,0.4369457223740676,,0.6582723259925842,block
20250813-134637,damage_immediate,california_housing,reg,weights,3,0.4,10,5,c:\Users\Admin\Desktop\ffnn-healing\models\reg_california_baseline_20250813-104035_best.pt,rmse,0.5373355181330539,0.9748110514734788,0.4374755333404247,,0.6582962870597839,block
20250813-134637,damage_immediate,california_housing,reg,weights,3,0.4,10,6,c:\Users\Admin\Desktop\ffnn-healing\models\reg_california_baseline_20250813-104035_best.pt,rmse,0.5373355181330539,0.9748110514734788,0.4374755333404247,,0.6582962870597839,block
20250813-134637,damage_immediate,california_housing,reg,weights,3,0.4,10,7,c:\Users\Admin\Desktop\ffnn-healing\models\reg_california_baseline_20250813-104035_best.pt,rmse,0.5373355181330539,0.9840849494493332,0.4467494313162792,,0.6608112454414368,block
20250813-134637,damage_immediate,california_housing,reg,weights,3,0.4,10,8,c:\Users\Admin\Desktop\ffnn-healing\models\reg_california_baseline_20250813-104035_best.pt,rmse,0.5373355181330539,1.0087265482732592,0.4713910301402053,,0.7004028558731079,block
20250813-134637,damage_immediate,california_housing,reg,weights,3,0.4,10,9,c:\Users\Admin\Desktop\ffnn-healing\models\reg_california_baseline_20250813-104035_best.pt,rmse,0.5373355181330539,1.0087265482732592,0.4713910301402053,,0.7004028558731079,block
20250813-134637,damage_immediate,california_housing,reg,weights,3,0.4,10,10,c:\Users\Admin\Desktop\ffnn-healing\models\reg_california_baseline_20250813-104035_best.pt,rmse,0.5373355181330539,1.1024451000358884,0.5651095819028344,,0.7827997803688049,block
